{
"name": "ADLPipeline1",
"properties": {
"description": "Pipeline copy from Blob to Azure SQL table",
"activities": [
{
"name": "CopyFromBLOBToSQL",
"description": "Copy Data to Azure SQL Table",
"type": "Copy",
"inputs": [
{
"name": "BlobInput"
}
],
"outputs": [
{
"name": "SQLOutput"
}
],
"typeProperties": {
"source": {
"type": "BlobSource"
},
"sink": {
"type": "SQLSink"
}
},
"Policy": {
"concurrency": 1,
"executionPriorityOrder": "NewestFirst",
"style": "StartOfInterval",
"retry": 0,
"timeout": "01:00:00"
}
}
],
"start": "2017-03-01T00:00:00Z",
"end": "2018-12-31T00:00:00Z",
"isPaused": false
}
}