 {
     "name": "ADLPipelineT",
     "properties": {
         "activities": [
             {
                 "type": "SqlServerStoredProcedure",
                 "typeProperties": {
                     "storedProcedureName": "lsp_emp2"
                 },
                 "outputs": [
                     {
                         "name": "SQLOutput2"
                     }
                 ],
                 "scheduler": {
                     "frequency": "Minute",
                     "interval": 15
                 },
                 "name": "Transform data and create dataset with Stored Procedure"
             }
         ],
          "start": "2017-03-01T00:00:00Z",
          "end": "2018-12-31T00:00:00Z",
         "isPaused": false
     }
 }
