{
"name": "ADFPipeline",
"properties": {
"description": "Copy data from a blob to Azure SQL Table",
"activities": [
{
"name": "CopyFromBlobToSQL",
"description": "Copy Data to Azure SQL Table",
"type": "Copy",
"inputs": [
{
"name": "BlobTable"
}
],
"outputs": [
{
"name": "SQLTable"
}
],
"typeProperties": {
"source": {
"type": "BlobSource"
},
"sink": {
"type": "SQLSink"
}
},
"Policy": {
"concurrency": 1,
"executionPriorityOrder": "NewestFirst",
"style": "StartOfInterval",
"retry": 0,
"timeout": "01:00:00"
}
}
],
"start": "2017-03-01T00:00:00Z",
"end": "2018-12-31T00:00:00Z",
"isPaused": false
}
}