{
"Name": "BlobInput",
"Properties": {
"Structure": 
[
{"Name": "LastName", "Type": "String"},
{"Name": "FirstName", "Type": "String"},
{"Name": "HireDate", "Type": "DateTime"},
{"Name": "HireTime", "Type": "DateTime"}
],
"Type": "AzureBlob",
"LinkedServiceName": "BlobLinkedService",
"TypeProperties": {
"FileName": "input.csv",
"FolderPath": "adf/input/",
"Format": {
"Type": "TextFormat",
"ColumnDelimiter": ","
}
},
"External": true,
"Availability": {
"Frequency": "Minute",
"Interval": 15
}
}
}
