        {    
            "name":"MyBlobSource",  
            "properties":{    
               "type":"reference",  
               "serialization":{    
                  "type":"JSON",  
                  "properties":{    
                     "fieldDelimiter":",",  
                     "encoding":"UTF8"  
                  }  
               },  
               "datasource":{    
                  "type":"Microsoft.Storage/Blob",  
                  "properties":{    
                     "storageAccounts":[    
                        {    
                           "accountName":"in131541sa",  
                           "accountKey":"h8cF43HiFdDtqnJxBl7y3x+FAPqd+zsbr9JJ+obXap/CqMFcsZPFTGi6yKwu1Hqauzrt6/9efmtorG9kbzRdcQ=="  
                        }  
                     ],  
                     "container":"in131541blob",  
                     "blobName":"in131541.jsonfile"  
                  }  
               }  
            }  
         }
