
{    
   "properties":{    
      "type":"stream",  
      "serialization":{    
         "type":"JSON",  
         "properties":{    
            "fieldDelimiter":",",  
            "encoding":"UTF8"  
         }  
      },  
      "datasource":{    
         "type":"Microsoft.ServiceBus/EventHub",  
         "properties":{    
            "serviceBusNamespace":"in131541ns",  
            "sharedAccessPolicyName":"in131541ehRule1",  
            "sharedAccessPolicyKey":"8OZIbLVtlbXsQAKeHvsK6qfUw1NFPr6qDG0IQb/K86s=",  
            "eventHubName":"in131541eh",
            "consumerGroupName":"in131541cg"  
         }  
      }  
   }  
}
