[{"date":"191701","value":"26.4","anomaly":"-0.5"},{"date":"191801","value":"13","anomaly":"-13.9"},{"date":"191901","value":"31.3","anomaly":"4.4"},{"date":"192001","value":"20.6","anomaly":"-6.3"},{"date":"192101","value":"31.5","anomaly":"4.6"},{"date":"192201","value":"24.6","anomaly":"-2.3"},{"date":"192301","value":"30.7","anomaly":"3.8"},{"date":"192401","value":"23.5","anomaly":"-3.4"},{"date":"192501","value":"25.4","anomaly":"-1.5"},{"date":"192601","value":"25.4","anomaly":"-1.5"},{"date":"192701","value":"26.4","anomaly":"-0.5"},{"date":"192801","value":"27.4","anomaly":"0.5"},{"date":"192901","value":"24.2","anomaly":"-2.7"},{"date":"193001","value":"26.3","anomaly":"-0.6"},{"date":"193101","value":"30.1","anomaly":"3.2"},{"date":"193201","value":"38.1","anomaly":"11.2"},{"date":"193301","value":"36","anomaly":"9.1"},{"date":"193401","value":"31.6","anomaly":"4.7"},{"date":"193501","value":"28.3","anomaly":"1.4"},{"date":"193601","value":"21","anomaly":"-5.9"},{"date":"193701","value":"34.5","anomaly":"7.6"},{"date":"193801","value":"28.3","anomaly":"1.4"},{"date":"193901","value":"31.6","anomaly":"4.7"},{"date":"194001","value":"15","anomaly":"-11.9"},{"date":"194101","value":"28","anomaly":"1.1"},{"date":"194201","value":"26.6","anomaly":"-0.3"},{"date":"194301","value":"28","anomaly":"1.1"},{"date":"194401","value":"30.6","anomaly":"3.7"},{"date":"194501","value":"20.1","anomaly":"-6.8"},{"date":"194601","value":"29.5","anomaly":"2.6"},{"date":"194701","value":"32.9","anomaly":"6"},{"date":"194801","value":"19.2","anomaly":"-7.7"},{"date":"194901","value":"34.8","anomaly":"7.9"},{"date":"195001","value":"37.3","anomaly":"10.4"},{"date":"195101","value":"29.5","anomaly":"2.6"},{"date":"195201","value":"32.6","anomaly":"5.7"},{"date":"195301","value":"32.9","anomaly":"6"},{"date":"195401","value":"29.3","anomaly":"2.4"},{"date":"195501","value":"26.3","anomaly":"-0.6"},{"date":"195601","value":"25.2","anomaly":"-1.7"},{"date":"195701","value":"22.8","anomaly":"-4.1"},{"date":"195801","value":"26","anomaly":"-0.9"},{"date":"195901","value":"23.7","anomaly":"-3.2"},{"date":"196001","value":"30.3","anomaly":"3.4"},{"date":"196101","value":"22","anomaly":"-4.9"},{"date":"196201","value":"24.1","anomaly":"-2.8"},{"date":"196301","value":"19.2","anomaly":"-7.7"},{"date":"196401","value":"28.9","anomaly":"2"},{"date":"196501","value":"26.7","anomaly":"-0.2"},{"date":"196601","value":"22","anomaly":"-4.9"},{"date":"196701","value":"31.6","anomaly":"4.7"},{"date":"196801","value":"22.1","anomaly":"-4.8"},{"date":"196901","value":"25.1","anomaly":"-1.8"},{"date":"197001","value":"19.2","anomaly":"-7.7"},{"date":"197101","value":"22.7","anomaly":"-4.2"},{"date":"197201","value":"27.5","anomaly":"0.6"},{"date":"197301","value":"29.4","anomaly":"2.5"},{"date":"197401","value":"31.1","anomaly":"4.2"},{"date":"197501","value":"31","anomaly":"4.1"},{"date":"197601","value":"23.1","anomaly":"-3.8"},{"date":"197701","value":"11.1","anomaly":"-15.8"},{"date":"197801","value":"18","anomaly":"-8.9"},{"date":"197901","value":"20","anomaly":"-6.9"},{"date":"198001","value":"27","anomaly":"0.1"},{"date":"198101","value":"21","anomaly":"-5.9"},{"date":"198201","value":"19.8","anomaly":"-7.1"},{"date":"198301","value":"28.9","anomaly":"2"},{"date":"198401","value":"21.5","anomaly":"-5.4"},{"date":"198501","value":"21.2","anomaly":"-5.7"},{"date":"198601","value":"27.3","anomaly":"0.4"},{"date":"198701","value":"27.7","anomaly":"0.8"},{"date":"198801","value":"24.9","anomaly":"-2"},{"date":"198901","value":"34.8","anomaly":"7.9"},{"date":"199001","value":"36.2","anomaly":"9.3"},{"date":"199101","value":"28.2","anomaly":"1.3"}]