        {    
            "name":"MyBlobSource",  
            "properties":{    
               "type":"reference",  
               "serialization":{    
                  "type":"JSON",  
                  "properties":{    
                     "fieldDelimiter":",",  
                     "encoding":"UTF8"  
                  }  
               },  
               "datasource":{    
                  "type":"Microsoft.Storage/Blob",  
                  "properties":{    
                     "storageAccounts":[    
                        {    
                           "accountName":"in180154sa",  
                           "accountKey":"VJegix47cG5hi0oS+plcH/jlHMpLA1kVZigBYI07/mUgk/2FRMI0QBQJ3FKU2bnTFlVbwa1vRYYGWgIP2Qu2Xw=="  
                        }  
                     ],  
                     "container":"in180154blob",  
                     "blobName":"in180154.jsonfile"  
                  }  
               }  
            }  
         }
