{  
   "$schema":"http://schema.management.azure.com/schemas/2014-04-01-preview/deploymentTemplate.json#",
   "contentVersion":"1.0.0.0",
   "parameters":{  
      "eventHubNamespaceName":{  
         "type":"string",
         "metadata":{  
            "description":"Name of the EventHub namespace"
         }
      },
      "eventHubName":{  
         "type":"string",
         "metadata":{  
            "description":"Name of the Event Hub"
         }
      },
	  "messageRetentionInDays":{
		"type":"int",
		"defaultValue": 1,
		"minValue":"1",
		"maxValue":"7",
		"metadata":{
		   "description":"How long to retain the data in Event Hub"
		 }
	  },
	  "partitionCount":{
		"type":"int",
		"defaultValue":2,
		"minValue":2,
		"maxValue":32,
		"metadata":{
			"description":"Number of partitions chosen"
		}
	  },
	  "archiveEnabled":{
		"type":"string",
		"defaultValue":"true",
		"allowedValues": [
		"false",
		"true"],
		"metadata":{
			"description":"Enable or disable the Archive for your Event Hub"
			}
	  },
	  "archiveEncodingFormat":{
		"type":"string",
		"defaultValue":"Avro",
		"allowedValues":[
		"Avro"],
		"metadata":{
			"description":"The encoding format Archive serializes the EventData when archiving to your storage"
		}
	  },
	  
	  "archiveTime":{
		"type":"int",
		"defaultValue":120,
		"minValue":60,
		"maxValue":900,
		"metadata":{
			 "description":"the time window in seconds for the archival"
		}
	  },
	  "archiveSize":{
		"type":"int",
		"defaultValue":524288000,
		"minValue":10485760,
		"maxValue":524288000,
		"metadata":{
			"description":"the size window in bytes for archival"
		}
	  },
	  "destinationStorageAccountResourceId":{
		"type":"string",
		"metadata":{
			"description":"Your existing storage account resource id where you want the blobs be archived"
		}
	  },
	  "blobContainerName":{
		"type":"string",
		"metadata":{
			"description":"Your existing storage container that you want the blobs archived in"
		}
	  },
	  
      "apiVersion":{  
         "type":"string",
         "defaultValue":"2015-08-01",
         "metadata":{  
            "description":"ApiVersion used by the template"
         }
      }
   },
   "variables":{  
      "location":"[resourceGroup().location]",
      "ehVersion":"[parameters('apiVersion')]",
      "defaultSASKeyName":"RootManageSharedAccessKey",
      "authRuleResourceId":"[resourceId('Microsoft.EventHub/namespaces/authorizationRules', parameters('eventHubNamespaceName'), variables('defaultSASKeyName'))]"
   },
   "resources":[  
      {  
         "apiVersion":"[variables('ehVersion')]",
         "name":"[parameters('eventHubNamespaceName')]",
         "type":"Microsoft.EventHub/Namespaces",
         "location":"[variables('location')]",
         "sku":{  
            "name":"Standard",
            "tier":"Standard"
         },
         "resources":[  
            {  
               "apiVersion":"[variables('ehVersion')]",
               "name":"[parameters('eventHubName')]",
               "type":"EventHubs",
               "dependsOn":[  
                  "[concat('Microsoft.EventHub/namespaces/', parameters('eventHubNamespaceName'))]"
               ],
               "properties":{  
                  "path":"[parameters('eventHubName')]",
				  "MessageRetentionInDays":"[parameters('messageRetentionInDays')]",
				  "PartitionCount":"[parameters('partitionCount')]",
				  "ArchiveDescription":{
						"enabled":"[parameters('archiveEnabled')]",
						"encoding":"[parameters('archiveEncodingFormat')]",
						"intervalInSeconds":"[parameters('archiveTime')]",
						"sizeLimitInBytes":"[parameters('archiveSize')]",
						"destination":{
							"name":"EventHubArchive.AzureBlockBlob",
							"properties":{
								"StorageAccountResourceId":"[parameters('destinationStorageAccountResourceId')]",
								"BlobContainer":"[parameters('blobContainerName')]"
							}
						} 
				  }
				  
               }
               
            }
         ]
      }
   ],
   "outputs":{  
      "NamespaceConnectionString":{  
         "type":"string",
         "value":"[listkeys(variables('authRuleResourceId'), variables('ehVersion')).primaryConnectionString]"
      },
      "SharedAccessPolicyPrimaryKey":{  
         "type":"string",
         "value":"[listkeys(variables('authRuleResourceId'), variables('ehVersion')).primaryKey]"
      }
   }
}

