[{"date":"1950-01-01","price":"34.730"},{"date":"1950-02-01","price":"34.730"},{"date":"1950-03-01","price":"34.730"},{"date":"1950-04-01","price":"34.730"},{"date":"1950-05-01","price":"34.730"},{"date":"1950-06-01","price":"34.730"},{"date":"1950-07-01","price":"34.730"},{"date":"1950-08-01","price":"34.730"},{"date":"1950-09-01","price":"34.730"},{"date":"1950-10-01","price":"34.730"},{"date":"1950-11-01","price":"34.730"},{"date":"1950-12-01","price":"34.720"},{"date":"1951-01-01","price":"34.720"},{"date":"1951-02-01","price":"34.730"},{"date":"1951-03-01","price":"34.730"},{"date":"1951-04-01","price":"34.730"},{"date":"1951-05-01","price":"34.730"},{"date":"1951-06-01","price":"34.730"},{"date":"1951-07-01","price":"34.720"},{"date":"1951-08-01","price":"34.710"},{"date":"1951-09-01","price":"34.710"},{"date":"1951-10-01","price":"34.710"},{"date":"1951-11-01","price":"34.730"},{"date":"1951-12-01","price":"34.660"},{"date":"1952-01-01","price":"34.490"},{"date":"1952-02-01","price":"34.490"},{"date":"1952-03-01","price":"34.680"},{"date":"1952-04-01","price":"34.820"},{"date":"1952-05-01","price":"34.730"},{"date":"1952-06-01","price":"34.530"},{"date":"1952-07-01","price":"34.570"},{"date":"1952-08-01","price":"34.580"},{"date":"1952-09-01","price":"34.510"},{"date":"1952-10-01","price":"34.630"},{"date":"1952-11-01","price":"34.720"},{"date":"1952-12-01","price":"34.790"},{"date":"1953-01-01","price":"34.880"},{"date":"1953-02-01","price":"34.950"},{"date":"1953-03-01","price":"34.920"},{"date":"1953-04-01","price":"34.930"},{"date":"1953-05-01","price":"34.900"},{"date":"1953-06-01","price":"34.890"},{"date":"1953-07-01","price":"34.910"},{"date":"1953-08-01","price":"34.910"},{"date":"1953-09-01","price":"34.760"},{"date":"1953-10-01","price":"34.790"},{"date":"1953-11-01","price":"34.860"},{"date":"1953-12-01","price":"34.850"},{"date":"1954-01-01","price":"34.860"},{"date":"1954-02-01","price":"34.880"},{"date":"1954-03-01","price":"34.920"},{"date":"1954-04-01","price":"35.040"},{"date":"1954-05-01","price":"35.080"},{"date":"1954-06-01","price":"35.070"},{"date":"1954-07-01","price":"35.080"},{"date":"1954-08-01","price":"35.050"},{"date":"1954-09-01","price":"35.080"},{"date":"1954-10-01","price":"35.080"},{"date":"1954-11-01","price":"35.060"},{"date":"1954-12-01","price":"35.040"},{"date":"1955-01-01","price":"35.040"},{"date":"1955-02-01","price":"35.050"},{"date":"1955-03-01","price":"35.060"},{"date":"1955-04-01","price":"35.050"},{"date":"1955-05-01","price":"35.050"},{"date":"1955-06-01","price":"35.040"},{"date":"1955-07-01","price":"35.050"},{"date":"1955-08-01","price":"35.030"},{"date":"1955-09-01","price":"34.980"},{"date":"1955-10-01","price":"34.980"},{"date":"1955-11-01","price":"34.980"},{"date":"1955-12-01","price":"34.970"},{"date":"1956-01-01","price":"34.990"},{"date":"1956-02-01","price":"34.990"},{"date":"1956-03-01","price":"34.990"},{"date":"1956-04-01","price":"34.980"},{"date":"1956-05-01","price":"34.990"},{"date":"1956-06-01","price":"34.980"},{"date":"1956-07-01","price":"35.000"},{"date":"1956-08-01","price":"35.020"},{"date":"1956-09-01","price":"35.010"},{"date":"1956-10-01","price":"35.020"},{"date":"1956-11-01","price":"34.980"},{"date":"1956-12-01","price":"34.900"},{"date":"1957-01-01","price":"34.880"},{"date":"1957-02-01","price":"34.890"},{"date":"1957-03-01","price":"34.910"},{"date":"1957-04-01","price":"34.920"},{"date":"1957-05-01","price":"34.930"},{"date":"1957-06-01","price":"34.990"},{"date":"1957-07-01","price":"34.990"},{"date":"1957-08-01","price":"34.970"},{"date":"1957-09-01","price":"34.960"},{"date":"1957-10-01","price":"34.970"},{"date":"1957-11-01","price":"34.970"},{"date":"1957-12-01","price":"34.990"},{"date":"1958-01-01","price":"35.010"},{"date":"1958-02-01","price":"35.080"},{"date":"1958-03-01","price":"35.090"},{"date":"1958-04-01","price":"35.100"},{"date":"1958-05-01","price":"35.110"},{"date":"1958-06-01","price":"35.100"},{"date":"1958-07-01","price":"35.110"},{"date":"1958-08-01","price":"35.100"},{"date":"1958-09-01","price":"35.100"},{"date":"1958-10-01","price":"35.110"},{"date":"1958-11-01","price":"35.100"},{"date":"1958-12-01","price":"35.090"},{"date":"1959-01-01","price":"35.070"},{"date":"1959-02-01","price":"35.060"},{"date":"1959-03-01","price":"35.060"},{"date":"1959-04-01","price":"35.080"},{"date":"1959-05-01","price":"35.120"},{"date":"1959-06-01","price":"35.120"},{"date":"1959-07-01","price":"35.130"},{"date":"1959-08-01","price":"35.120"},{"date":"1959-09-01","price":"35.130"},{"date":"1959-10-01","price":"35.100"},{"date":"1959-11-01","price":"35.060"},{"date":"1959-12-01","price":"35.050"},{"date":"1960-01-01","price":"35.090"},{"date":"1960-02-01","price":"35.090"},{"date":"1960-03-01","price":"35.090"},{"date":"1960-04-01","price":"35.110"},{"date":"1960-05-01","price":"35.100"},{"date":"1960-06-01","price":"35.090"},{"date":"1960-07-01","price":"35.100"},{"date":"1960-08-01","price":"35.130"},{"date":"1960-09-01","price":"35.220"},{"date":"1960-10-01","price":"35.780"},{"date":"1960-11-01","price":"35.820"},{"date":"1960-12-01","price":"35.540"},{"date":"1961-01-01","price":"35.560"},{"date":"1961-02-01","price":"35.170"},{"date":"1961-03-01","price":"35.080"},{"date":"1961-04-01","price":"35.080"},{"date":"1961-05-01","price":"35.060"},{"date":"1961-06-01","price":"35.070"},{"date":"1961-07-01","price":"35.110"},{"date":"1961-08-01","price":"35.160"},{"date":"1961-09-01","price":"35.190"},{"date":"1961-10-01","price":"35.190"},{"date":"1961-11-01","price":"35.190"},{"date":"1961-12-01","price":"35.150"},{"date":"1962-01-01","price":"35.160"},{"date":"1962-02-01","price":"35.130"},{"date":"1962-03-01","price":"35.090"},{"date":"1962-04-01","price":"35.080"},{"date":"1962-05-01","price":"35.080"},{"date":"1962-06-01","price":"35.100"},{"date":"1962-07-01","price":"35.120"},{"date":"1962-08-01","price":"35.120"},{"date":"1962-09-01","price":"35.130"},{"date":"1962-10-01","price":"35.140"},{"date":"1962-11-01","price":"35.090"},{"date":"1962-12-01","price":"35.080"},{"date":"1963-01-01","price":"35.060"},{"date":"1963-02-01","price":"35.080"},{"date":"1963-03-01","price":"35.100"},{"date":"1963-04-01","price":"35.100"},{"date":"1963-05-01","price":"35.080"},{"date":"1963-06-01","price":"35.080"},{"date":"1963-07-01","price":"35.090"},{"date":"1963-08-01","price":"35.100"},{"date":"1963-09-01","price":"35.080"},{"date":"1963-10-01","price":"35.080"},{"date":"1963-11-01","price":"35.080"},{"date":"1963-12-01","price":"35.080"},{"date":"1964-01-01","price":"35.080"},{"date":"1964-02-01","price":"35.080"},{"date":"1964-03-01","price":"35.080"},{"date":"1964-04-01","price":"35.080"},{"date":"1964-05-01","price":"35.080"},{"date":"1964-06-01","price":"35.080"},{"date":"1964-07-01","price":"35.080"},{"date":"1964-08-01","price":"35.080"},{"date":"1964-09-01","price":"35.090"},{"date":"1964-10-01","price":"35.110"},{"date":"1964-11-01","price":"35.100"},{"date":"1964-12-01","price":"35.120"},{"date":"1965-01-01","price":"35.130"},{"date":"1965-02-01","price":"35.140"},{"date":"1965-03-01","price":"35.160"},{"date":"1965-04-01","price":"35.140"},{"date":"1965-05-01","price":"35.100"},{"date":"1965-06-01","price":"35.100"},{"date":"1965-07-01","price":"35.120"},{"date":"1965-08-01","price":"35.150"},{"date":"1965-09-01","price":"35.140"},{"date":"1965-10-01","price":"35.110"},{"date":"1965-11-01","price":"35.110"},{"date":"1965-12-01","price":"35.130"},{"date":"1966-01-01","price":"35.150"},{"date":"1966-02-01","price":"35.170"},{"date":"1966-03-01","price":"35.150"},{"date":"1966-04-01","price":"35.130"},{"date":"1966-05-01","price":"35.120"},{"date":"1966-06-01","price":"35.150"},{"date":"1966-07-01","price":"35.180"},{"date":"1966-08-01","price":"35.180"},{"date":"1966-09-01","price":"35.190"},{"date":"1966-10-01","price":"35.160"},{"date":"1966-11-01","price":"35.160"},{"date":"1966-12-01","price":"35.180"},{"date":"1967-01-01","price":"35.180"},{"date":"1967-02-01","price":"35.170"},{"date":"1967-03-01","price":"35.160"},{"date":"1967-04-01","price":"35.170"},{"date":"1967-05-01","price":"35.180"},{"date":"1967-06-01","price":"35.190"},{"date":"1967-07-01","price":"35.190"},{"date":"1967-08-01","price":"35.190"},{"date":"1967-09-01","price":"35.190"},{"date":"1967-10-01","price":"35.190"},{"date":"1967-11-01","price":"35.200"},{"date":"1967-12-01","price":"35.190"},{"date":"1968-01-01","price":"35.180"},{"date":"1968-02-01","price":"35.200"},{"date":"1968-03-01","price":"35.200"},{"date":"1968-04-01","price":"37.878"},{"date":"1968-05-01","price":"40.691"},{"date":"1968-06-01","price":"41.111"},{"date":"1968-07-01","price":"39.530"},{"date":"1968-08-01","price":"39.170"},{"date":"1968-09-01","price":"40.203"},{"date":"1968-10-01","price":"39.210"},{"date":"1968-11-01","price":"39.795"},{"date":"1968-12-01","price":"41.113"},{"date":"1969-01-01","price":"42.291"},{"date":"1969-02-01","price":"42.616"},{"date":"1969-03-01","price":"43.171"},{"date":"1969-04-01","price":"43.295"},{"date":"1969-05-01","price":"43.461"},{"date":"1969-06-01","price":"41.442"},{"date":"1969-07-01","price":"41.755"},{"date":"1969-08-01","price":"41.128"},{"date":"1969-09-01","price":"40.865"},{"date":"1969-10-01","price":"40.476"},{"date":"1969-11-01","price":"37.452"},{"date":"1969-12-01","price":"35.189"},{"date":"1970-01-01","price":"34.946"},{"date":"1970-02-01","price":"34.994"},{"date":"1970-03-01","price":"35.089"},{"date":"1970-04-01","price":"35.623"},{"date":"1970-05-01","price":"35.958"},{"date":"1970-06-01","price":"35.437"},{"date":"1970-07-01","price":"35.329"},{"date":"1970-08-01","price":"35.377"},{"date":"1970-09-01","price":"36.196"},{"date":"1970-10-01","price":"37.553"},{"date":"1970-11-01","price":"37.455"},{"date":"1970-12-01","price":"37.434"},{"date":"1971-01-01","price":"37.868"},{"date":"1971-02-01","price":"38.716"},{"date":"1971-03-01","price":"38.873"},{"date":"1971-04-01","price":"39.001"},{"date":"1971-05-01","price":"40.493"},{"date":"1971-06-01","price":"40.105"},{"date":"1971-07-01","price":"40.929"},{"date":"1971-08-01","price":"42.722"},{"date":"1971-09-01","price":"41.976"},{"date":"1971-10-01","price":"42.473"},{"date":"1971-11-01","price":"42.842"},{"date":"1971-12-01","price":"43.455"},{"date":"1972-01-01","price":"45.640"},{"date":"1972-02-01","price":"48.237"},{"date":"1972-03-01","price":"48.288"},{"date":"1972-04-01","price":"49.026"},{"date":"1972-05-01","price":"54.500"},{"date":"1972-06-01","price":"62.170"},{"date":"1972-07-01","price":"65.558"},{"date":"1972-08-01","price":"66.917"},{"date":"1972-09-01","price":"65.589"},{"date":"1972-10-01","price":"64.824"},{"date":"1972-11-01","price":"62.726"},{"date":"1972-12-01","price":"63.779"},{"date":"1973-01-01","price":"65.127"},{"date":"1973-02-01","price":"73.971"},{"date":"1973-03-01","price":"84.105"},{"date":"1973-04-01","price":"90.441"},{"date":"1973-05-01","price":"101.623"},{"date":"1973-06-01","price":"119.800"},{"date":"1973-07-01","price":"120.364"},{"date":"1973-08-01","price":"106.225"},{"date":"1973-09-01","price":"103.034"},{"date":"1973-10-01","price":"99.923"},{"date":"1973-11-01","price":"94.645"},{"date":"1973-12-01","price":"106.236"},{"date":"1974-01-01","price":"129.027"},{"date":"1974-02-01","price":"150.000"},{"date":"1974-03-01","price":"168.298"},{"date":"1974-04-01","price":"172.243"},{"date":"1974-05-01","price":"163.568"},{"date":"1974-06-01","price":"154.013"},{"date":"1974-07-01","price":"142.283"},{"date":"1974-08-01","price":"154.362"},{"date":"1974-09-01","price":"151.660"},{"date":"1974-10-01","price":"158.533"},{"date":"1974-11-01","price":"181.483"},{"date":"1974-12-01","price":"183.683"},{"date":"1975-01-01","price":"176.864"},{"date":"1975-02-01","price":"179.553"},{"date":"1975-03-01","price":"178.203"},{"date":"1975-04-01","price":"170.066"},{"date":"1975-05-01","price":"167.293"},{"date":"1975-06-01","price":"164.250"},{"date":"1975-07-01","price":"164.867"},{"date":"1975-08-01","price":"163.168"},{"date":"1975-09-01","price":"144.311"},{"date":"1975-10-01","price":"142.691"},{"date":"1975-11-01","price":"142.565"},{"date":"1975-12-01","price":"139.279"},{"date":"1976-01-01","price":"131.695"},{"date":"1976-02-01","price":"130.940"},{"date":"1976-03-01","price":"132.676"},{"date":"1976-04-01","price":"127.910"},{"date":"1976-05-01","price":"126.913"},{"date":"1976-06-01","price":"125.684"},{"date":"1976-07-01","price":"117.866"},{"date":"1976-08-01","price":"110.055"},{"date":"1976-09-01","price":"114.098"},{"date":"1976-10-01","price":"116.095"},{"date":"1976-11-01","price":"130.341"},{"date":"1976-12-01","price":"133.674"},{"date":"1977-01-01","price":"132.306"},{"date":"1977-02-01","price":"136.163"},{"date":"1977-03-01","price":"148.339"},{"date":"1977-04-01","price":"149.184"},{"date":"1977-05-01","price":"146.536"},{"date":"1977-06-01","price":"140.828"},{"date":"1977-07-01","price":"143.383"},{"date":"1977-08-01","price":"145.009"},{"date":"1977-09-01","price":"149.334"},{"date":"1977-10-01","price":"158.848"},{"date":"1977-11-01","price":"162.132"},{"date":"1977-12-01","price":"160.480"},{"date":"1978-01-01","price":"173.207"},{"date":"1978-02-01","price":"178.360"},{"date":"1978-03-01","price":"183.771"},{"date":"1978-04-01","price":"175.323"},{"date":"1978-05-01","price":"176.190"},{"date":"1978-06-01","price":"183.761"},{"date":"1978-07-01","price":"188.569"},{"date":"1978-08-01","price":"206.455"},{"date":"1978-09-01","price":"212.212"},{"date":"1978-10-01","price":"227.432"},{"date":"1978-11-01","price":"207.082"},{"date":"1978-12-01","price":"207.895"},{"date":"1979-01-01","price":"226.986"},{"date":"1979-02-01","price":"245.590"},{"date":"1979-03-01","price":"242.348"},{"date":"1979-04-01","price":"239.174"},{"date":"1979-05-01","price":"257.738"},{"date":"1979-06-01","price":"279.360"},{"date":"1979-07-01","price":"295.009"},{"date":"1979-08-01","price":"300.793"},{"date":"1979-09-01","price":"354.498"},{"date":"1979-10-01","price":"390.959"},{"date":"1979-11-01","price":"391.518"},{"date":"1979-12-01","price":"463.666"},{"date":"1980-01-01","price":"674.580"},{"date":"1980-02-01","price":"665.893"},{"date":"1980-03-01","price":"554.276"},{"date":"1980-04-01","price":"516.710"},{"date":"1980-05-01","price":"514.268"},{"date":"1980-06-01","price":"600.786"},{"date":"1980-07-01","price":"645.750"},{"date":"1980-08-01","price":"626.360"},{"date":"1980-09-01","price":"673.941"},{"date":"1980-10-01","price":"662.270"},{"date":"1980-11-01","price":"623.875"},{"date":"1980-12-01","price":"596.712"},{"date":"1981-01-01","price":"557.813"},{"date":"1981-02-01","price":"500.800"},{"date":"1981-03-01","price":"499.693"},{"date":"1981-04-01","price":"496.625"},{"date":"1981-05-01","price":"480.316"},{"date":"1981-06-01","price":"460.500"},{"date":"1981-07-01","price":"409.284"},{"date":"1981-08-01","price":"410.240"},{"date":"1981-09-01","price":"443.773"},{"date":"1981-10-01","price":"437.680"},{"date":"1981-11-01","price":"413.405"},{"date":"1981-12-01","price":"410.119"},{"date":"1982-01-01","price":"384.163"},{"date":"1982-02-01","price":"374.458"},{"date":"1982-03-01","price":"330.413"},{"date":"1982-04-01","price":"350.335"},{"date":"1982-05-01","price":"334.505"},{"date":"1982-06-01","price":"314.961"},{"date":"1982-07-01","price":"337.895"},{"date":"1982-08-01","price":"363.413"},{"date":"1982-09-01","price":"438.150"},{"date":"1982-10-01","price":"422.786"},{"date":"1982-11-01","price":"415.114"},{"date":"1982-12-01","price":"444.776"},{"date":"1983-01-01","price":"481.838"},{"date":"1983-02-01","price":"493.488"},{"date":"1983-03-01","price":"420.707"},{"date":"1983-04-01","price":"433.171"},{"date":"1983-05-01","price":"437.393"},{"date":"1983-06-01","price":"413.148"},{"date":"1983-07-01","price":"422.645"},{"date":"1983-08-01","price":"416.205"},{"date":"1983-09-01","price":"412.245"},{"date":"1983-10-01","price":"394.245"},{"date":"1983-11-01","price":"381.016"},{"date":"1983-12-01","price":"388.060"},{"date":"1984-01-01","price":"370.735"},{"date":"1984-02-01","price":"386.038"},{"date":"1984-03-01","price":"394.743"},{"date":"1984-04-01","price":"381.371"},{"date":"1984-05-01","price":"376.957"},{"date":"1984-06-01","price":"378.314"},{"date":"1984-07-01","price":"347.598"},{"date":"1984-08-01","price":"347.677"},{"date":"1984-09-01","price":"340.945"},{"date":"1984-10-01","price":"340.217"},{"date":"1984-11-01","price":"341.286"},{"date":"1984-12-01","price":"319.622"},{"date":"1985-01-01","price":"302.852"},{"date":"1985-02-01","price":"299.833"},{"date":"1985-03-01","price":"303.205"},{"date":"1985-04-01","price":"324.883"},{"date":"1985-05-01","price":"316.395"},{"date":"1985-06-01","price":"316.298"},{"date":"1985-07-01","price":"317.202"},{"date":"1985-08-01","price":"330.131"},{"date":"1985-09-01","price":"323.764"},{"date":"1985-10-01","price":"326.093"},{"date":"1985-11-01","price":"325.548"},{"date":"1985-12-01","price":"321.985"},{"date":"1986-01-01","price":"345.561"},{"date":"1986-02-01","price":"339.053"},{"date":"1986-03-01","price":"346.095"},{"date":"1986-04-01","price":"340.716"},{"date":"1986-05-01","price":"342.325"},{"date":"1986-06-01","price":"342.798"},{"date":"1986-07-01","price":"348.554"},{"date":"1986-08-01","price":"376.290"},{"date":"1986-09-01","price":"418.152"},{"date":"1986-10-01","price":"423.863"},{"date":"1986-11-01","price":"396.983"},{"date":"1986-12-01","price":"391.595"},{"date":"1987-01-01","price":"408.524"},{"date":"1987-02-01","price":"401.045"},{"date":"1987-03-01","price":"408.848"},{"date":"1987-04-01","price":"439.665"},{"date":"1987-05-01","price":"461.650"},{"date":"1987-06-01","price":"449.282"},{"date":"1987-07-01","price":"450.330"},{"date":"1987-08-01","price":"460.988"},{"date":"1987-09-01","price":"460.120"},{"date":"1987-10-01","price":"465.764"},{"date":"1987-11-01","price":"468.140"},{"date":"1987-12-01","price":"487.079"},{"date":"1988-01-01","price":"477.758"},{"date":"1988-02-01","price":"442.124"},{"date":"1988-03-01","price":"443.491"},{"date":"1988-04-01","price":"451.558"},{"date":"1988-05-01","price":"451.320"},{"date":"1988-06-01","price":"451.657"},{"date":"1988-07-01","price":"437.452"},{"date":"1988-08-01","price":"431.064"},{"date":"1988-09-01","price":"413.439"},{"date":"1988-10-01","price":"406.390"},{"date":"1988-11-01","price":"419.966"},{"date":"1988-12-01","price":"419.248"},{"date":"1989-01-01","price":"404.445"},{"date":"1989-02-01","price":"387.973"},{"date":"1989-03-01","price":"390.274"},{"date":"1989-04-01","price":"384.720"},{"date":"1989-05-01","price":"371.350"},{"date":"1989-06-01","price":"367.727"},{"date":"1989-07-01","price":"375.210"},{"date":"1989-08-01","price":"365.548"},{"date":"1989-09-01","price":"361.798"},{"date":"1989-10-01","price":"366.800"},{"date":"1989-11-01","price":"394.361"},{"date":"1989-12-01","price":"409.655"},{"date":"1990-01-01","price":"410.118"},{"date":"1990-02-01","price":"416.543"},{"date":"1990-03-01","price":"393.661"},{"date":"1990-04-01","price":"374.929"},{"date":"1990-05-01","price":"368.855"},{"date":"1990-06-01","price":"352.657"},{"date":"1990-07-01","price":"361.820"},{"date":"1990-08-01","price":"394.861"},{"date":"1990-09-01","price":"389.560"},{"date":"1990-10-01","price":"381.333"},{"date":"1990-11-01","price":"381.866"},{"date":"1990-12-01","price":"378.161"},{"date":"1991-01-01","price":"384.591"},{"date":"1991-02-01","price":"363.748"},{"date":"1991-03-01","price":"363.390"},{"date":"1991-04-01","price":"358.055"},{"date":"1991-05-01","price":"357.117"},{"date":"1991-06-01","price":"366.360"},{"date":"1991-07-01","price":"368.013"},{"date":"1991-08-01","price":"356.721"},{"date":"1991-09-01","price":"348.460"},{"date":"1991-10-01","price":"358.826"},{"date":"1991-11-01","price":"359.960"},{"date":"1991-12-01","price":"361.875"},{"date":"1992-01-01","price":"354.436"},{"date":"1992-02-01","price":"353.853"},{"date":"1992-03-01","price":"344.641"},{"date":"1992-04-01","price":"338.728"},{"date":"1992-05-01","price":"337.039"},{"date":"1992-06-01","price":"340.784"},{"date":"1992-07-01","price":"352.452"},{"date":"1992-08-01","price":"343.603"},{"date":"1992-09-01","price":"345.300"},{"date":"1992-10-01","price":"344.277"},{"date":"1992-11-01","price":"334.924"},{"date":"1992-12-01","price":"334.657"},{"date":"1993-01-01","price":"328.993"},{"date":"1993-02-01","price":"329.310"},{"date":"1993-03-01","price":"329.974"},{"date":"1993-04-01","price":"341.948"},{"date":"1993-05-01","price":"367.045"},{"date":"1993-06-01","price":"371.914"},{"date":"1993-07-01","price":"392.034"},{"date":"1993-08-01","price":"379.795"},{"date":"1993-09-01","price":"355.561"},{"date":"1993-10-01","price":"364.005"},{"date":"1993-11-01","price":"373.939"},{"date":"1993-12-01","price":"383.243"},{"date":"1994-01-01","price":"387.110"},{"date":"1994-02-01","price":"381.658"},{"date":"1994-03-01","price":"384.000"},{"date":"1994-04-01","price":"377.908"},{"date":"1994-05-01","price":"381.343"},{"date":"1994-06-01","price":"385.714"},{"date":"1994-07-01","price":"385.450"},{"date":"1994-08-01","price":"380.207"},{"date":"1994-09-01","price":"391.348"},{"date":"1994-10-01","price":"390.164"},{"date":"1994-11-01","price":"384.377"},{"date":"1994-12-01","price":"379.480"},{"date":"1995-01-01","price":"378.738"},{"date":"1995-02-01","price":"376.745"},{"date":"1995-03-01","price":"381.820"},{"date":"1995-04-01","price":"391.339"},{"date":"1995-05-01","price":"385.231"},{"date":"1995-06-01","price":"387.618"},{"date":"1995-07-01","price":"386.138"},{"date":"1995-08-01","price":"383.502"},{"date":"1995-09-01","price":"382.931"},{"date":"1995-10-01","price":"383.202"},{"date":"1995-11-01","price":"385.209"},{"date":"1995-12-01","price":"387.445"},{"date":"1996-01-01","price":"398.695"},{"date":"1996-02-01","price":"404.919"},{"date":"1996-03-01","price":"396.512"},{"date":"1996-04-01","price":"392.870"},{"date":"1996-05-01","price":"391.990"},{"date":"1996-06-01","price":"385.245"},{"date":"1996-07-01","price":"383.457"},{"date":"1996-08-01","price":"387.510"},{"date":"1996-09-01","price":"383.290"},{"date":"1996-10-01","price":"380.909"},{"date":"1996-11-01","price":"377.869"},{"date":"1996-12-01","price":"369.338"},{"date":"1997-01-01","price":"355.025"},{"date":"1997-02-01","price":"346.400"},{"date":"1997-03-01","price":"352.311"},{"date":"1997-04-01","price":"344.707"},{"date":"1997-05-01","price":"344.100"},{"date":"1997-06-01","price":"340.805"},{"date":"1997-07-01","price":"323.780"},{"date":"1997-08-01","price":"323.998"},{"date":"1997-09-01","price":"322.616"},{"date":"1997-10-01","price":"324.863"},{"date":"1997-11-01","price":"306.345"},{"date":"1997-12-01","price":"288.776"},{"date":"1998-01-01","price":"289.264"},{"date":"1998-02-01","price":"297.743"},{"date":"1998-03-01","price":"295.870"},{"date":"1998-04-01","price":"308.558"},{"date":"1998-05-01","price":"298.971"},{"date":"1998-06-01","price":"292.223"},{"date":"1998-07-01","price":"292.874"},{"date":"1998-08-01","price":"284.228"},{"date":"1998-09-01","price":"288.661"},{"date":"1998-10-01","price":"296.595"},{"date":"1998-11-01","price":"294.243"},{"date":"1998-12-01","price":"291.357"},{"date":"1999-01-01","price":"287.333"},{"date":"1999-02-01","price":"287.495"},{"date":"1999-03-01","price":"286.243"},{"date":"1999-04-01","price":"282.620"},{"date":"1999-05-01","price":"276.932"},{"date":"1999-06-01","price":"261.402"},{"date":"1999-07-01","price":"256.198"},{"date":"1999-08-01","price":"256.936"},{"date":"1999-09-01","price":"264.470"},{"date":"1999-10-01","price":"311.562"},{"date":"1999-11-01","price":"293.650"},{"date":"1999-12-01","price":"283.743"},{"date":"2000-01-01","price":"284.590"},{"date":"2000-02-01","price":"300.855"},{"date":"2000-03-01","price":"286.704"},{"date":"2000-04-01","price":"279.961"},{"date":"2000-05-01","price":"275.293"},{"date":"2000-06-01","price":"285.368"},{"date":"2000-07-01","price":"282.152"},{"date":"2000-08-01","price":"274.523"},{"date":"2000-09-01","price":"273.676"},{"date":"2000-10-01","price":"270.405"},{"date":"2000-11-01","price":"265.989"},{"date":"2000-12-01","price":"271.892"},{"date":"2001-01-01","price":"265.934"},{"date":"2001-02-01","price":"262.018"},{"date":"2001-03-01","price":"263.273"},{"date":"2001-04-01","price":"260.750"},{"date":"2001-05-01","price":"272.057"},{"date":"2001-06-01","price":"270.738"},{"date":"2001-07-01","price":"267.707"},{"date":"2001-08-01","price":"272.657"},{"date":"2001-09-01","price":"282.478"},{"date":"2001-10-01","price":"283.322"},{"date":"2001-11-01","price":"276.248"},{"date":"2001-12-01","price":"275.992"},{"date":"2002-01-01","price":"281.764"},{"date":"2002-02-01","price":"295.683"},{"date":"2002-03-01","price":"294.353"},{"date":"2002-04-01","price":"302.862"},{"date":"2002-05-01","price":"314.480"},{"date":"2002-06-01","price":"321.536"},{"date":"2002-07-01","price":"313.567"},{"date":"2002-08-01","price":"310.045"},{"date":"2002-09-01","price":"318.800"},{"date":"2002-10-01","price":"316.748"},{"date":"2002-11-01","price":"319.255"},{"date":"2002-12-01","price":"333.300"},{"date":"2003-01-01","price":"356.864"},{"date":"2003-02-01","price":"359.575"},{"date":"2003-03-01","price":"341.564"},{"date":"2003-04-01","price":"328.208"},{"date":"2003-05-01","price":"355.405"},{"date":"2003-06-01","price":"356.912"},{"date":"2003-07-01","price":"350.765"},{"date":"2003-08-01","price":"358.993"},{"date":"2003-09-01","price":"378.859"},{"date":"2003-10-01","price":"379.093"},{"date":"2003-11-01","price":"390.200"},{"date":"2003-12-01","price":"407.674"},{"date":"2004-01-01","price":"414.495"},{"date":"2004-02-01","price":"404.730"},{"date":"2004-03-01","price":"405.976"},{"date":"2004-04-01","price":"404.850"},{"date":"2004-05-01","price":"383.953"},{"date":"2004-06-01","price":"391.780"},{"date":"2004-07-01","price":"398.441"},{"date":"2004-08-01","price":"400.133"},{"date":"2004-09-01","price":"405.402"},{"date":"2004-10-01","price":"420.210"},{"date":"2004-11-01","price":"439.059"},{"date":"2004-12-01","price":"442.974"},{"date":"2005-01-01","price":"424.080"},{"date":"2005-02-01","price":"423.430"},{"date":"2005-03-01","price":"434.355"},{"date":"2005-04-01","price":"429.140"},{"date":"2005-05-01","price":"422.903"},{"date":"2005-06-01","price":"430.302"},{"date":"2005-07-01","price":"424.745"},{"date":"2005-08-01","price":"437.773"},{"date":"2005-09-01","price":"455.936"},{"date":"2005-10-01","price":"470.107"},{"date":"2005-11-01","price":"476.668"},{"date":"2005-12-01","price":"509.423"},{"date":"2006-01-01","price":"549.433"},{"date":"2006-02-01","price":"555.518"},{"date":"2006-03-01","price":"557.215"},{"date":"2006-04-01","price":"611.853"},{"date":"2006-05-01","price":"676.769"},{"date":"2006-06-01","price":"597.898"},{"date":"2006-07-01","price":"633.093"},{"date":"2006-08-01","price":"631.557"},{"date":"2006-09-01","price":"600.150"},{"date":"2006-10-01","price":"586.648"},{"date":"2006-11-01","price":"626.825"},{"date":"2006-12-01","price":"629.513"},{"date":"2007-01-01","price":"630.352"},{"date":"2007-02-01","price":"665.103"},{"date":"2007-03-01","price":"655.891"},{"date":"2007-04-01","price":"680.008"},{"date":"2007-05-01","price":"668.310"},{"date":"2007-06-01","price":"655.714"},{"date":"2007-07-01","price":"665.266"},{"date":"2007-08-01","price":"664.530"},{"date":"2007-09-01","price":"710.645"},{"date":"2007-10-01","price":"754.480"},{"date":"2007-11-01","price":"808.311"},{"date":"2007-12-01","price":"803.618"},{"date":"2008-01-01","price":"887.784"},{"date":"2008-02-01","price":"924.283"},{"date":"2008-03-01","price":"971.055"},{"date":"2008-04-01","price":"911.600"},{"date":"2008-05-01","price":"889.125"},{"date":"2008-06-01","price":"889.536"},{"date":"2008-07-01","price":"941.167"},{"date":"2008-08-01","price":"840.388"},{"date":"2008-09-01","price":"824.920"},{"date":"2008-10-01","price":"812.815"},{"date":"2008-11-01","price":"757.850"},{"date":"2008-12-01","price":"819.940"},{"date":"2009-01-01","price":"857.726"},{"date":"2009-02-01","price":"939.763"},{"date":"2009-03-01","price":"925.989"},{"date":"2009-04-01","price":"892.663"},{"date":"2009-05-01","price":"926.855"},{"date":"2009-06-01","price":"947.807"},{"date":"2009-07-01","price":"934.272"},{"date":"2009-08-01","price":"949.500"},{"date":"2009-09-01","price":"996.443"},{"date":"2009-10-01","price":"1043.511"},{"date":"2009-11-01","price":"1126.119"},{"date":"2009-12-01","price":"1135.012"},{"date":"2010-01-01","price":"1119.575"},{"date":"2010-02-01","price":"1095.800"},{"date":"2010-03-01","price":"1115.554"},{"date":"2010-04-01","price":"1148.475"},{"date":"2010-05-01","price":"1204.321"},{"date":"2010-06-01","price":"1232.382"},{"date":"2010-07-01","price":"1196.000"},{"date":"2010-08-01","price":"1213.464"},{"date":"2010-09-01","price":"1271.461"},{"date":"2010-10-01","price":"1343.190"},{"date":"2010-11-01","price":"1371.784"},{"date":"2010-12-01","price":"1393.512"},{"date":"2011-01-01","price":"1360.475"},{"date":"2011-02-01","price":"1371.313"},{"date":"2011-03-01","price":"1422.848"},{"date":"2011-04-01","price":"1474.431"},{"date":"2011-05-01","price":"1512.188"},{"date":"2011-06-01","price":"1528.380"},{"date":"2011-07-01","price":"1568.526"},{"date":"2011-08-01","price":"1759.500"},{"date":"2011-09-01","price":"1780.648"},{"date":"2011-10-01","price":"1667.893"},{"date":"2011-11-01","price":"1735.977"},{"date":"2011-12-01","price":"1652.725"},{"date":"2012-01-01","price":"1656.095"},{"date":"2012-02-01","price":"1743.095"},{"date":"2012-03-01","price":"1675.057"},{"date":"2012-04-01","price":"1648.539"},{"date":"2012-05-01","price":"1585.114"},{"date":"2012-06-01","price":"1595.632"},{"date":"2012-07-01","price":"1592.784"},{"date":"2012-08-01","price":"1625.682"},{"date":"2012-09-01","price":"1741.925"},{"date":"2012-10-01","price":"1746.348"},{"date":"2012-11-01","price":"1724.352"},{"date":"2012-12-01","price":"1687.342"},{"date":"2013-01-01","price":"1671.886"},{"date":"2013-02-01","price":"1630.688"},{"date":"2013-03-01","price":"1591.013"},{"date":"2013-04-01","price":"1485.905"},{"date":"2013-05-01","price":"1416.143"},{"date":"2013-06-01","price":"1342.700"},{"date":"2013-07-01","price":"1284.348"},{"date":"2013-08-01","price":"1345.048"},{"date":"2013-09-01","price":"1348.464"},{"date":"2013-10-01","price":"1314.402"},{"date":"2013-11-01","price":"1277.417"},{"date":"2013-12-01","price":"1221.588"},{"date":"2014-01-01","price":"1243.068"},{"date":"2014-02-01","price":"1298.713"},{"date":"2014-03-01","price":"1336.560"},{"date":"2014-04-01","price":"1299.175"},{"date":"2014-05-01","price":"1288.913"},{"date":"2014-06-01","price":"1277.857"}]