[{"date":"1917/01/01","value":"26.4","anomaly":"-0.5"}{"date":"1918/01/01","value":"13","anomaly":"-13.9"}{"date":"1919/01/01","value":"31.3","anomaly":"4.4"}{"date":"1920/01/01","value":"20.6","anomaly":"-6.3"}{"date":"1921/01/01","value":"31.5","anomaly":"4.6"}{"date":"1922/01/01","value":"24.6","anomaly":"-2.3"}{"date":"1923/01/01","value":"30.7","anomaly":"3.8"}{"date":"1924/01/01","value":"23.5","anomaly":"-3.4"}{"date":"1925/01/01","value":"25.4","anomaly":"-1.5"}{"date":"1926/01/01","value":"25.4","anomaly":"-1.5"}{"date":"1927/01/01","value":"26.4","anomaly":"-0.5"}{"date":"1928/01/01","value":"27.4","anomaly":"0.5"}{"date":"1929/01/01","value":"24.2","anomaly":"-2.7"}{"date":"1930/01/01","value":"26.3","anomaly":"-0.6"}{"date":"1931/01/01","value":"30.1","anomaly":"3.2"}{"date":"1932/01/01","value":"38.1","anomaly":"11.2"}{"date":"1933/01/01","value":"36","anomaly":"9.1"}{"date":"1934/01/01","value":"31.6","anomaly":"4.7"}{"date":"1935/01/01","value":"28.3","anomaly":"1.4"}{"date":"1936/01/01","value":"21","anomaly":"-5.9"}{"date":"1937/01/01","value":"34.5","anomaly":"7.6"}{"date":"1938/01/01","value":"28.3","anomaly":"1.4"}{"date":"1939/01/01","value":"31.6","anomaly":"4.7"}{"date":"1940/01/01","value":"15","anomaly":"-11.9"}{"date":"1941/01/01","value":"28","anomaly":"1.1"}{"date":"1942/01/01","value":"26.6","anomaly":"-0.3"}{"date":"1943/01/01","value":"28","anomaly":"1.1"}{"date":"1944/01/01","value":"30.6","anomaly":"3.7"}{"date":"1945/01/01","value":"20.1","anomaly":"-6.8"}{"date":"1946/01/01","value":"29.5","anomaly":"2.6"}{"date":"1947/01/01","value":"32.9","anomaly":"6"}{"date":"1948/01/01","value":"19.2","anomaly":"-7.7"}{"date":"1949/01/01","value":"34.8","anomaly":"7.9"}{"date":"1950/01/01","value":"37.3","anomaly":"10.4"}{"date":"1951/01/01","value":"29.5","anomaly":"2.6"}{"date":"1952/01/01","value":"32.6","anomaly":"5.7"}{"date":"1953/01/01","value":"32.9","anomaly":"6"}{"date":"1954/01/01","value":"29.3","anomaly":"2.4"}{"date":"1955/01/01","value":"26.3","anomaly":"-0.6"}{"date":"1956/01/01","value":"25.2","anomaly":"-1.7"}{"date":"1957/01/01","value":"22.8","anomaly":"-4.1"}{"date":"1958/01/01","value":"26","anomaly":"-0.9"}{"date":"1959/01/01","value":"23.7","anomaly":"-3.2"}{"date":"1960/01/01","value":"30.3","anomaly":"3.4"}{"date":"1961/01/01","value":"22","anomaly":"-4.9"}{"date":"1962/01/01","value":"24.1","anomaly":"-2.8"}{"date":"1963/01/01","value":"19.2","anomaly":"-7.7"}{"date":"1964/01/01","value":"28.9","anomaly":"2"}{"date":"1965/01/01","value":"26.7","anomaly":"-0.2"}{"date":"1966/01/01","value":"22","anomaly":"-4.9"}{"date":"1967/01/01","value":"31.6","anomaly":"4.7"}{"date":"1968/01/01","value":"22.1","anomaly":"-4.8"}{"date":"1969/01/01","value":"25.1","anomaly":"-1.8"}{"date":"1970/01/01","value":"19.2","anomaly":"-7.7"}{"date":"1971/01/01","value":"22.7","anomaly":"-4.2"}{"date":"1972/01/01","value":"27.5","anomaly":"0.6"}{"date":"1973/01/01","value":"29.4","anomaly":"2.5"}{"date":"1974/01/01","value":"31.1","anomaly":"4.2"}{"date":"1975/01/01","value":"31","anomaly":"4.1"}{"date":"1976/01/01","value":"23.1","anomaly":"-3.8"}{"date":"1977/01/01","value":"11.1","anomaly":"-15.8"}{"date":"1978/01/01","value":"18","anomaly":"-8.9"}{"date":"1979/01/01","value":"20","anomaly":"-6.9"}{"date":"1980/01/01","value":"27","anomaly":"0.1"}{"date":"1981/01/01","value":"21","anomaly":"-5.9"}{"date":"1982/01/01","value":"19.8","anomaly":"-7.1"}{"date":"1983/01/01","value":"28.9","anomaly":"2"}{"date":"1984/01/01","value":"21.5","anomaly":"-5.4"}{"date":"1985/01/01","value":"21.2","anomaly":"-5.7"}{"date":"1986/01/01","value":"27.3","anomaly":"0.4"}{"date":"1987/01/01","value":"27.7","anomaly":"0.8"}{"date":"1988/01/01","value":"24.9","anomaly":"-2"}{"date":"1989/01/01","value":"34.8","anomaly":"7.9"}{"date":"1990/01/01","value":"36.2","anomaly":"9.3"}{"date":"1991/01/01","value":"28.2","anomaly":"1.3"}]